response_code,drafted_on,submitted_on,last_modified,name_of_crp,intervention_type,intervention_id,date,latitude,longitude,accuracy,altitude,water_level,time_since_last_rainfall_days,evidence_of_recent_pumping,time_since_last_pumping,notes,image
priti patel-D9F22Z,09-06-2025 15:09,10-06-2025 11:23,10-06-2025 11:40,Priti-Bhandar Katch,Well Continuous Monitoring,barda-faliyu-1,10-06-2025 11:13,20.3412058,73.1243439,3.720000029,114.1,15,Unknown,Yes ,< 1 hour,,https://api.mwater.co/v3/images/19c0d73ce55a46878d8a1178ca5d731b
priti patel-DA3K6Q,17-06-2025 10:21,17-06-2025 11:25,18-06-2025 06:31,Priti-Bhandar Katch,Well Continuous Monitoring,barda-faliyu-1,17-06-2025 10:22,20.3411604,73.1243814,4.714000225,124.1,9.7,< 1 day,Yes ,Don't Know,,https://api.mwater.co/v3/images/88ba7ecbfb254558b60d532ed9f3c1f8
priti patel-DAQ9L3,25-06-2025 06:29,25-06-2025 06:31,03-07-2025 04:02,Priti-Bhandar Katch,Well Continuous Monitoring,barda-faliyu-1,25-06-2025 06:29,20.3412217,73.124395,4,131.8,1.63,< 1 day,Yes ,< 1 hour,,https://api.mwater.co/v3/images/07a5211ca69b482eba88eb69b892265b
priti patel-DBD5BW,03-07-2025 04:26,03-07-2025 04:27,03-07-2025 04:27,Priti-Bhandar Katch,Well Continuous Monitoring,barda-faliyu-1,03-07-2025 04:26,20.3411865,73.124384,2.140000105,122.8,1.66,< 1 day,Yes ,< 1 hour,,https://api.mwater.co/v3/images/f6976d497f60420d89def0a029dc14e2
priti patel-DBUZRE,09-07-2025 05:03,09-07-2025 05:04,09-07-2025 05:04,Priti-Bhandar Katch,Well Continuous Monitoring,barda-faliyu-1,09-07-2025 05:03,20.3411467,73.1243283,4.400000095,130.3,1.75,< 1 day,Yes ,Pumping going on,,https://api.mwater.co/v3/images/3f939c8436cb4ad487fb5bd64e8b372f
priti patel-DCFRJ8,16-07-2025 07:39,16-07-2025 10:35,16-07-2025 10:35,Priti-Bhandar Katch,Well Continuous Monitoring,barda-faliyu-1,16-07-2025 10:15,20.3411709,73.124309,3.559999943,133,1.85,< 1 day,Yes ,Pumping going on,,https://api.mwater.co/v3/images/67982eaebcac4a8c9e0a2c86b8b45d05
jinalpatel-DDP33V,31-07-2025 05:21,31-07-2025 05:24,31-07-2025 05:24,Priti-Bhandar Katch,Well Continuous Monitoring,barda-faliyu-1,31-07-2025 05:21,20.3411251,73.1243329,4.699999809,78.9,1.66,< 1 day,Yes ,Don't Know,No,https://api.mwater.co/v3/images/bc1fc4b91e2b42dbb577e2d67a92a7f6
jinalpatel-DECPE8,08-08-2025 10:17,08-08-2025 10:18,08-08-2025 10:24,Priti-Bhandar Katch,Well Continuous Monitoring,barda-faliyu-1,08-08-2025 10:17,20.3411929,73.1244723,4.532999992,56.20000076,2.26,< 1 day,No,,No,https://api.mwater.co/v3/images/d79501cce6514f8db558da24684eb86b
jinalpatel-DEUH8H,14-08-2025 10:09,14-08-2025 10:10,14-08-2025 10:16,Priti-Bhandar Katch,Well Continuous Monitoring,barda-faliyu-1,14-08-2025 10:10,20.3411678,73.124368,4.949999809,125.1999969,2.22,< 1 day,No,,No,https://api.mwater.co/v3/images/262cc47223fb42cfa8527e60122cd556
jinalpatel-DFEEJE,21-08-2025 05:14,21-08-2025 05:15,21-08-2025 05:15,Priti-Bhandar Katch,Well Continuous Monitoring,barda-faliyu-1,21-08-2025 05:14,20.3411182,73.1243752,4.866000175,65.1,1.63,< 1 day,No,,No,https://api.mwater.co/v3/images/1b13d73f2f7a41a7a8cade7415966e86
jinalpatel-DG3EX9,29-08-2025 04:30,29-08-2025 04:31,29-08-2025 08:16,Priti-Bhandar Katch,Well Continuous Monitoring,barda-faliyu-1,29-08-2025 04:30,20.3286487,72.9613738,1600,,2.7,< 1 day,No,,Water for drinking ,https://api.mwater.co/v3/images/544bca67f9ef4abca2ee87ddbd9025bf
Bhavesh-DAJZ6F,23-06-2025 06:35,23-06-2025 06:36,24-06-2025 10:06,Bhavesh-Jirval,Well Continuous Monitoring,belipada,23-06-2025 06:35,20.3253983,73.140035,3.700000048,26.4,1.7,< 1 day,Don't Know,,કોતર ચાલુ છે ,https://api.mwater.co/v3/images/1b272f1d782944b292809ee4c5da42c8
jinalpatel-DECLJE,08-08-2025 09:11,08-08-2025 09:12,08-08-2025 09:12,Bhavesh-Jirval,Well Continuous Monitoring,belipada,08-08-2025 09:11,20.32541,73.1400967,4.900000095,32.3,2.3,< 1 day,Yes ,Don't Know,No,https://api.mwater.co/v3/images/c02d8cdfba9f4ebf82066376124bb8c7
jinalpatel-DEU9UB,14-08-2025 08:04,14-08-2025 08:05,14-08-2025 08:12,Bhavesh-Jirval,Well Continuous Monitoring,belipada,14-08-2025 08:04,20.3252771,73.1401479,5.041999817,59.5,2.8,< 1 day,Yes ,Don't Know,No,https://api.mwater.co/v3/images/baf8ec0e91dd49f5af0be7719283ff6d
jinalpatel-DFEM2Y,21-08-2025 07:05,21-08-2025 07:07,21-08-2025 07:07,Bhavesh-Jirval,Well Continuous Monitoring,belipada,21-08-2025 07:06,20.3253579,73.140022,4.675000191,39.1,1.66,< 1 day,Yes ,Don't Know,,https://api.mwater.co/v3/images/a22b2f7126294270bef2d81c0bd8fb1b
Pradip3631-DG3MJC,29-08-2025 06:22,29-08-2025 06:33,29-08-2025 06:33,Pradip,Well Continuous Monitoring,belipada,29-08-2025 06:22,20.3253379,73.1400812,7.165999889,29,1.6,< 1 day,Yes ,Don't Know,,https://api.mwater.co/v3/images/236e6b68e289436fa831e832f57c60d1
priti patel-DBDTQ3,03-07-2025 10:48,03-07-2025 10:49,09-07-2025 04:22,Priti- Mandva ,Well Continuous Monitoring,juniniya-1,03-07-2025 10:48,20.3667432,73.1935707,4.880000114,178.8,1.45,< 1 day,Don't Know,,,https://api.mwater.co/v3/images/051aef94500842e4a0c343786632ae05
priti patel-DBV9N6,09-07-2025 07:18,09-07-2025 07:20,09-07-2025 07:20,Priti - Mandva ,Well Continuous Monitoring,juniniya-1,09-07-2025 07:18,20.366627,73.1935671,4.300000191,200.5,1.61,< 1 day,Yes ,Pumping going on,,https://api.mwater.co/v3/images/9f342fdecdf94337bb4cac7c0b7c761b
priti patel-DCFQMC,16-07-2025 07:24,16-07-2025 10:35,16-07-2025 10:35,Priti-Mandva ,Well Continuous Monitoring,juniniya-1,16-07-2025 07:24,20.3667403,73.1935466,4.833000183,185.7,1.65,< 1 day,No,,,https://api.mwater.co/v3/images/32547158280041dd894093ced15b3246
jinalpatel-DGBLD6,01-09-2025 06:34,01-09-2025 11:13,01-09-2025 11:13,Pradip,Well Continuous Monitoring,juniniya-1,01-09-2025 06:35,,,,,0.1,< 1 day,No,,No,https://api.mwater.co/v3/images/43b41b4f88784b32a3083119ad7843b7
priti patel-DBDQZR,03-07-2025 10:02,03-07-2025 10:49,09-07-2025 04:22,Priti- Mandva ,Well Continuous Monitoring,juniniya-2,03-07-2025 10:03,20.3677832,73.1904149,4.833000183,143.6,0.6,< 1 day,Don't Know,,,https://api.mwater.co/v3/images/5422b06776324d6eb4bd7e897100e68a
priti patel-DBV4ZE,09-07-2025 05:58,09-07-2025 07:20,16-07-2025 06:34,Priti- Mandva ,Well Continuous Monitoring,juniniya-2,09-07-2025 05:59,20.3679117,73.1902506,3.960000038,113.3,1.1,< 1 day,Don't Know,,,https://api.mwater.co/v3/images/7c2e39d3c9c348e785512900fdec06d0
priti patel-DCFNTL,16-07-2025 06:53,16-07-2025 10:36,16-07-2025 10:36,Priti-Mandva ,Well Continuous Monitoring,juniniya-2,16-07-2025 06:53,20.3678719,73.19023,2.880000114,128.1,2.5,< 1 day,Yes ,Pumping going on,,https://api.mwater.co/v3/images/f4af6143ba8a46db80bd34b541bfcb78
jinalpatel-DGBHKF,01-09-2025 06:04,01-09-2025 11:13,01-09-2025 11:13,Pradip,Well Continuous Monitoring,juniniya-2,01-09-2025 06:06,,,,,1.3,< 1 day,Yes ,Don't Know,No,https://api.mwater.co/v3/images/b3a6e28c62d94def86af6607c79a1362
priti patel-DBDPNK,03-07-2025 09:39,03-07-2025 10:49,09-07-2025 04:22,Priti- Mandva ,Well Continuous Monitoring,mandva-well-3,03-07-2025 09:39,20.3671848,73.175241,4.099999905,138,1.3,< 1 day,Don't Know,,,https://api.mwater.co/v3/images/15895f5563644bacb275af32a2fe524e
priti patel-DBV3KT,09-07-2025 05:34,09-07-2025 07:20,16-07-2025 06:34,Priti - Mandva ,Well Continuous Monitoring,mandva-well-3,09-07-2025 05:35,20.3672969,73.1750631,6.599999905,138.9,1.42,< 1 day,Yes ,Don't Know,,https://api.mwater.co/v3/images/8af9e018a96f4435a8ec3b8ea190c15c
priti patel-DCFMQH,16-07-2025 06:34,16-07-2025 10:36,16-07-2025 10:36,Priti-Mandva ,Well Continuous Monitoring,mandva-well-3,16-07-2025 06:34,20.3672017,73.1752083,4.099999905,135.5,1.35,< 1 day,Don't Know,,,https://api.mwater.co/v3/images/4c21c633023a468fb18b5b1eeec9dca1
jinalpatel-DGBKQD,01-09-2025 06:57,01-09-2025 06:59,01-09-2025 06:59,Pradip,Well Continuous Monitoring,mandva-well-3,01-09-2025 06:58,20.3666217,73.17516,6.732999802,86.30000305,1.35,< 1 day,Yes ,Don't Know,No,https://api.mwater.co/v3/images/af4a4b06882c4cb6945269b0a0da9d6c
bhadagi amit-D9LENR,11-06-2025 07:09,11-06-2025 07:15,11-06-2025 09:04,Amit-Ozarda,Well Continuous Monitoring,segu-1,11-06-2025 07:10,20.3970638,73.2080533,3.858999968,119.1903076,11.58,Unknown,Yes ,Don't Know,Bahar bohat pathar hai ,https://api.mwater.co/v3/images/092c8a10df1d4686a99cee182f0f332e
bhadagi amit-DAB8N4,20-06-2025 07:54,20-06-2025 07:55,20-06-2025 08:16,Amit-Ozarda,Well Continuous Monitoring,segu-1,20-06-2025 07:54,20.3969769,73.2080412,4.71600008,117.2797852,2.3,< 1 day,Don't Know,,,https://api.mwater.co/v3/images/e6f38cd7b27349d5a1592e83a602b770
bhadagi amit-DAVJND,27-06-2025 06:35,27-06-2025 06:36,27-06-2025 07:12,Amit-Ozarda,Well Continuous Monitoring,segu-1,27-06-2025 06:35,20.3970458,73.2080252,4.501999855,108.5664063,2,< 1 day,Don't Know,,,https://api.mwater.co/v3/images/7b202ab324d649c7bd61018560822d36
bhadagi amit-DBD9CP,03-07-2025 05:34,03-07-2025 05:35,15-07-2025 03:46,Amit-Ozarda,Well Continuous Monitoring,segu-1,03-07-2025 05:35,20.3969942,73.2080055,5.788000107,128.7169189,2.12,< 1 day,Don't Know,,,https://api.mwater.co/v3/images/b857230b77bd4535a63ae0974fae4007
bhadagi amit-DCCX6S,15-07-2025 05:57,15-07-2025 05:58,13-08-2025 11:26,Amit-Ozarda,Well Continuous Monitoring,segu-1,15-07-2025 05:57,20.3971067,73.2079996,6.252999783,112.97229,2.1,< 1 day,Don't Know,,,https://api.mwater.co/v3/images/9848396c8fc1494abb3053c59b5b0a69
bhadagi amit-DD4L7D,24-07-2025 05:00,24-07-2025 05:00,13-08-2025 11:26,Amit-Ozarda,Well Continuous Monitoring,segu-1,24-07-2025 05:00,20.3970321,73.2079983,4.931000233,105.4553833,2.28,< 1 day,Yes ,< 1 hour,,https://api.mwater.co/v3/images/be2468d83b2a47e8b03ff86a2ebc02b6
bhadagi amit-DDP76Z,31-07-2025 06:31,31-07-2025 06:32,13-08-2025 11:26,Amit-Ozarda,Well Continuous Monitoring,segu-1,31-07-2025 06:31,20.3970721,73.2080221,3.858999968,108.3619995,2.18,< 1 day,Yes ,< 1 hour,Pani  kharab ,https://api.mwater.co/v3/images/f4b6973bc5cc473c8baf857ddbb22d35
bhadagi amit-DEKDJQ,11-08-2025 08:18,11-08-2025 08:18,13-08-2025 11:26,Amit-Ozarda,Well Continuous Monitoring,segu-1,11-08-2025 08:18,20.3970315,73.2080836,5.788000107,120.9972534,2.33,< 1 day,Don't Know,,,https://api.mwater.co/v3/images/b0d5e15c184a4306a8458161c792b480
bhadagi amit-DEUFTL,14-08-2025 09:46,14-08-2025 09:47,14-08-2025 10:23,Amit-Ozarda,Well Continuous Monitoring,segu-1,14-08-2025 09:46,20.3969986,73.2080586,4.71600008,120.59375,2.32,< 1 day,Yes ,< 1 hour,,https://api.mwater.co/v3/images/39fa64bc5941480881357e38a1c01b6f
bhadagi amit-DFEN3D,21-08-2025 07:22,21-08-2025 07:23,21-08-2025 07:43,Amit-Ozarda,Well Continuous Monitoring,segu-1,21-08-2025 07:23,20.3970313,73.2080054,4.71600008,126.7504883,2.08,< 1 day,Don't Know,,,https://api.mwater.co/v3/images/2153cd0ef94643c2a67d892779ef75cf
bhadagi amit-DG3PKA,29-08-2025 06:57,29-08-2025 06:58,29-08-2025 07:26,Amit-Ozarda,Well Continuous Monitoring,segu-1,29-08-2025 06:58,20.3970019,73.207959,4.823999882,111.9243774,2.09,< 1 day,Don't Know,,,https://api.mwater.co/v3/images/e5818ad83c0143a3b230410fcbf885f2
bhadagi amit-DGGTYZ,03-09-2025 06:32,03-09-2025 06:33,03-09-2025 06:50,Amit-Ozarda,Well Continuous Monitoring,segu-1,03-09-2025 06:32,20.3970664,73.2080366,6.43200016,116.9630737,2.09,< 1 day,Don't Know,,,https://api.mwater.co/v3/images/815e9a555d8e479a91518104f6788f6a
MAMTABEN-D8BPVP,27-05-2025 05:41,27-05-2025 05:51,27-05-2025 05:51,Mamtaben-Jamgabhan,Well Continuous Monitoring,segu-2,27-05-2025 05:42,20.4048238,73.1201792,20,,7,< 1 day,Yes ,1-6 hours,Agriculture ,https://api.mwater.co/v3/images/91bcc0bf1c4b4c8890c666fae0cf6891
bhadagi amit-DAB78U,20-06-2025 07:30,20-06-2025 07:32,20-06-2025 08:16,Amit-Ozarda,Well Continuous Monitoring,segu-2,20-06-2025 07:30,20.3888581,73.2079911,6.43200016,116.2412109,0.87,< 1 day,No,,,https://api.mwater.co/v3/images/2e5d136181f74fb08d715ec36cfabae8
bhadagi amit-DAVHFE,27-06-2025 06:14,27-06-2025 06:15,27-06-2025 07:12,Amit-Ozarda,Well Continuous Monitoring,segu-2,27-06-2025 06:14,20.3888519,73.2079939,4.288000107,97.00402832,0.84,< 1 day,Don't Know,,,https://api.mwater.co/v3/images/f48da43ea2534235a0e3234ad115194d
bhadagi amit-DBD88H,03-07-2025 05:15,03-07-2025 05:16,15-07-2025 03:45,Amit-Ozarda,Well Continuous Monitoring,segu-2,03-07-2025 05:15,20.3889433,73.2079609,5.144999981,108.9720459,0.87,< 1 day,Don't Know,,,https://api.mwater.co/v3/images/98e0e0c60a9246e6a160c86acffaf2e4
bhadagi amit-DCCW68,15-07-2025 05:39,15-07-2025 05:40,13-08-2025 11:26,Amit-Ozarda,Well Continuous Monitoring,segu-2,15-07-2025 05:40,20.3888169,73.207952,4.288000107,118.2735596,0.9,< 1 day,Yes ,< 1 hour,,https://api.mwater.co/v3/images/07d1055d18ab49eaa9a3bc154ce49aec
bhadagi amit-DD4M67,24-07-2025 05:33,24-07-2025 05:34,13-08-2025 11:26,Amit-Ozarda,Well Continuous Monitoring,segu-2,24-07-2025 05:33,20.3889051,73.2080321,4.823999882,106.8942261,0.95,< 1 day,Don't Know,,,https://api.mwater.co/v3/images/739c2f64de19432db82ec05e7c6ab0b1
bhadagi amit-DDP5ZN,31-07-2025 06:11,31-07-2025 06:12,13-08-2025 11:26,Amit-Ozarda,Well Continuous Monitoring,segu-2,31-07-2025 06:11,20.3889685,73.2079529,6.252999783,95.48187256,0.9,< 1 day,Don't Know,,,https://api.mwater.co/v3/images/e42d67375dfa4014ab4b1324e7e06103
bhadagi amit-DEKAQ2,11-08-2025 07:29,11-08-2025 07:30,13-08-2025 11:26,Amit-Ozarda,Well Continuous Monitoring,segu-2,11-08-2025 07:29,20.3888871,73.2079506,4.931000233,104.4985352,0.9,< 1 day,Don't Know,,,https://api.mwater.co/v3/images/fe212aee30a84aa1a95231f2a5af05b9
bhadagi amit-DEUECP,14-08-2025 09:21,14-08-2025 09:22,14-08-2025 10:23,Amit-Ozarda,Well Continuous Monitoring,segu-2,14-08-2025 09:21,20.3888852,73.2080054,5.001999855,109.5632324,0.9,< 1 day,Don't Know,,,https://api.mwater.co/v3/images/e8fc49b85cf7468bbdfb4a075361421c
bhadagi amit-DFEKYK,21-08-2025 07:04,21-08-2025 07:05,22-08-2025 04:08,Amit-Ozarda,Well Continuous Monitoring,segu-2,21-08-2025 07:04,20.3889494,73.2079943,7.504000187,122.3900757,0.89,< 1 day,Don't Know,,,https://api.mwater.co/v3/images/493dd290e59b49f087222875cf18d60c
bhadagi amit-DG3NAU,29-08-2025 06:35,29-08-2025 06:36,29-08-2025 07:26,Amit-Ozarda,Well Continuous Monitoring,segu-2,29-08-2025 06:35,20.3889351,73.2080325,4.109000206,97.90014648,0.89,< 1 day,Don't Know,,,https://api.mwater.co/v3/images/3fbb6700a1924384a5330db98d87ac89
bhadagi amit-DGGT32,03-09-2025 06:16,03-09-2025 06:17,03-09-2025 06:49,Amit-Ozarda,Well Continuous Monitoring,segu-2,03-09-2025 06:16,20.3888031,73.2079442,4.644999981,124.1386719,0.95,< 1 day,Don't Know,,,https://api.mwater.co/v3/images/1255c5571200428584ee745db205859f
bhadagi amit-DAB6BE,20-06-2025 07:14,20-06-2025 07:16,20-06-2025 08:16,Amit-Ozarda,Well Continuous Monitoring,segu-3,20-06-2025 07:14,20.3881102,73.2049975,6.860000134,88.37969971,0.9,< 1 day,Yes ,< 1 hour,Bohat pani  hai,https://api.mwater.co/v3/images/c46214128a4e4d41b87932b73326a2a9
bhadagi amit-DAVGAU,27-06-2025 05:55,27-06-2025 05:56,27-06-2025 07:10,Amit-Ozarda,Well Continuous Monitoring,segu-3,27-06-2025 05:55,20.3881351,73.2050134,4.71600008,98.59875488,0.89,< 1 day,Yes ,< 1 hour,,https://api.mwater.co/v3/images/f31fa7a295f041c5aab8a199974a5ab8
bhadagi amit-DBD4YW,03-07-2025 04:20,03-07-2025 04:21,15-07-2025 03:45,Amit-Ozarda,Well Continuous Monitoring,segu-3,03-07-2025 04:20,20.3881049,73.2050721,4.501999855,106.5458374,0.89,< 1 day,Don't Know,,,https://api.mwater.co/v3/images/dd707a87341540acb1a620705e873d3f
bhadagi amit-DCCVG7,15-07-2025 05:28,15-07-2025 05:29,13-08-2025 11:26,Amit-Ozarda,Well Continuous Monitoring,segu-3,15-07-2025 05:28,20.3880962,73.2050037,6.967999935,102.2252197,0.86,< 1 day,Don't Know,,,https://api.mwater.co/v3/images/f3eccf04a3824ed6a10bb2bc3f1b28b6
bhadagi amit-DD4JC5,24-07-2025 04:45,24-07-2025 04:46,13-08-2025 11:26,Amit-Ozarda,Well Continuous Monitoring,segu-3,24-07-2025 04:45,20.3881666,73.2050577,6.43200016,104.9633789,1,< 1 day,Don't Know,,,https://api.mwater.co/v3/images/767d2ac13be94fc4bc362cc7b5d2b1fe
bhadagi amit-DDP45B,31-07-2025 05:39,31-07-2025 05:40,13-08-2025 11:26,Amit-Ozarda,Well Continuous Monitoring,segu-3,31-07-2025 05:39,20.3881086,73.2049981,4.71600008,101.6814575,0.94,< 1 day,Don't Know,,,https://api.mwater.co/v3/images/dafafc914ec44ae686a45df5162b9c04
bhadagi amit-DEK9WK,11-08-2025 07:16,11-08-2025 07:17,13-08-2025 11:26,Amit-Ozarda,Well Continuous Monitoring,segu-3,11-08-2025 07:16,20.3881215,73.2049917,4.931000233,92.60534668,1,< 1 day,Don't Know,,,https://api.mwater.co/v3/images/9dd080999b994123b8951f56f94baeb0
bhadagi amit-DEU926,14-08-2025 07:50,14-08-2025 07:52,14-08-2025 10:23,Amit-Ozarda,Well Continuous Monitoring,segu-3,14-08-2025 07:50,20.3880814,73.2049874,4.644999981,100.5585938,0.98,< 1 day,Yes ,< 1 hour,,https://api.mwater.co/v3/images/1e095f4f090a4adba3213728f18d6cf1
bhadagi amit-DFEKBU,21-08-2025 06:53,21-08-2025 06:54,21-08-2025 07:44,Amit-Ozarda,Well Continuous Monitoring,segu-3,21-08-2025 06:53,20.3881273,73.2050018,5.360000134,91.10064697,0.9,< 1 day,Don't Know,,,https://api.mwater.co/v3/images/3080c92be4f943dcb92b4edbe0a0f3f6
bhadagi amit-DG3M2W,29-08-2025 06:14,29-08-2025 06:15,29-08-2025 07:26,Amit-Ozarda,Well Continuous Monitoring,segu-3,29-08-2025 06:14,20.3881044,73.2050132,4.288000107,113.2669067,0.9,< 1 day,Don't Know,,,https://api.mwater.co/v3/images/ab7069a88ffb4e248eb63d125f68850b
bhadagi amit-DGGSGC,03-09-2025 06:06,03-09-2025 06:07,03-09-2025 06:52,Amit-Ozarda,Well Continuous Monitoring,segu-3,03-09-2025 06:06,20.3881196,73.2049708,4.288000107,98.71087646,0.98,< 1 day,Don't Know,,,https://api.mwater.co/v3/images/4f3e1d4e68dc4ce3ad84e101ef7df8c2
Bhavesh-DABDH8,20-06-2025 09:17,20-06-2025 09:21,23-06-2025 06:04,Bhavesh-Jirval,Well Continuous Monitoring,senderfaliyu-1,20-06-2025 09:19,20.3250257,73.1319282,8.324999809,119.3,2.3,< 1 day,Don't Know,,"કુવામાં એક વૃક્ષ છે, ઝરણું છે કોતરમાંથી ",https://api.mwater.co/v3/images/86da6799d1284fdc8db844611f1646ba
jinalpatel-DECGJE,08-08-2025 08:20,08-08-2025 08:28,08-08-2025 08:43,Bhavesh-Jirval,Well Continuous Monitoring,senderfaliyu-1,08-08-2025 08:23,20.3251128,73.1322203,7.013999939,101.5,2.38,< 1 day,Yes ,Don't Know,,https://api.mwater.co/v3/images/a9a4f110d44b4ed197f1fd9da0217029
jinalpatel-DEU3PN,14-08-2025 06:19,14-08-2025 06:21,14-08-2025 07:36,Bhavesh-Jirval,Well Continuous Monitoring,senderfaliyu-1,14-08-2025 06:19,20.3250814,73.1321192,4.849999905,57.1,2.37,< 1 day,Yes ,Don't Know,આજુબાજુ કોતર છે ,https://api.mwater.co/v3/images/4869797aff6c4e71afa0faf708864b8d
jinalpatel-DFEGKF,21-08-2025 05:49,21-08-2025 05:50,21-08-2025 05:50,Bhavesh-Jirval,Well Continuous Monitoring,senderfaliyu-1,21-08-2025 05:49,20.3251111,73.1320621,2.96600008,95.3,2.3,< 1 day,No,,No,https://api.mwater.co/v3/images/99aa8afc7f0a48f886eddf82dbd14530
Pradip3631-DG3GPS,29-08-2025 05:00,29-08-2025 05:03,29-08-2025 05:05,Pradip,Well Continuous Monitoring,senderfaliyu-1,29-08-2025 05:00,20.3251496,73.1320799,5,74,1.24,< 1 day,Yes ,Don't Know,,https://api.mwater.co/v3/images/c83c3ac457f5489188182c54ca102bd3
Bhavesh-DAJXDB,23-06-2025 06:05,23-06-2025 06:08,24-06-2025 10:06,Bhavesh-Jirval,Well Continuous Monitoring,sepurmal-faliyu,23-06-2025 06:05,20.3190587,73.1408067,5.199999809,57,0.4,< 1 day,Don't Know,,ચારે બાજુ શાખભાજીના ખેતરો છે,https://api.mwater.co/v3/images/593bd77e99a8471e901c3885a47c08c7
jinalpatel-DECMR2,08-08-2025 09:48,08-08-2025 11:01,08-08-2025 11:01,Bhavesh-Jirval,Well Continuous Monitoring,sepurmal-faliyu,08-08-2025 09:49,20.3189866,73.1408712,4.5,52.2,2.22,< 1 day,Yes ,Don't Know,No,https://api.mwater.co/v3/images/2ff51cd237df4edcaf9cd07b0333eaac
jinalpatel-DEUFCT,14-08-2025 09:38,14-08-2025 09:39,14-08-2025 09:39,Bhavesh-Jirval,Well Continuous Monitoring,sepurmal-faliyu,14-08-2025 09:38,20.3190667,73.1408503,5.199999809,49.8,1.6,< 1 day,Yes ,Don't Know,No,https://api.mwater.co/v3/images/1e354fb0dfb04b88ac737cabceaae4a3
jinalpatel-DFESN8,21-08-2025 08:41,21-08-2025 08:50,21-08-2025 08:50,Bhavesh-Jirval,Well Continuous Monitoring,sepurmal-faliyu,21-08-2025 08:41,20.3189238,73.1407416,4.96600008,72.1,0.6,< 1 day,Yes ,Don't Know,,https://api.mwater.co/v3/images/24508f7ec0884bc28affb2b42b77384f
Pradip3631-DG3RMN,29-08-2025 07:32,29-08-2025 07:34,29-08-2025 07:34,Pradip,Well Continuous Monitoring,sepurmal-faliyu,29-08-2025 07:33,20.3190732,73.1407682,5.5,39,0.9,< 1 day,Yes ,Don't Know,,https://api.mwater.co/v3/images/b16b435eacb047ed931e8d381c1fd882
priti patel-D9HA75,10-06-2025 11:40,10-06-2025 11:41,10-06-2025 11:42,Priti-Bhandar Katch,Well Continuous Monitoring,talav-faliyu-2,10-06-2025 11:41,20.3414482,73.1213975,3.680000067,113.9,8,Unknown,Don't Know,,,https://api.mwater.co/v3/images/2aea194e4af044ca96fd34d0c17d0505
priti patel-DA3NGK,17-06-2025 11:01,17-06-2025 11:25,18-06-2025 06:31,Priti-Bhandar Katch,Well Continuous Monitoring,talav-faliyu-2,17-06-2025 11:01,20.3414119,73.1214661,7.760000229,104.3,2.15,< 1 day,Yes ,Pumping going on,,https://api.mwater.co/v3/images/c135219d6aca4ece8cc29ca5116fb141
priti patel-DAQ76G,25-06-2025 05:48,25-06-2025 06:31,03-07-2025 04:00,Priti-Bhandar Katch,Well Continuous Monitoring,talav-faliyu-2,25-06-2025 05:48,20.3413167,73.1214133,4.099999905,113.6,2,< 1 day,Don't Know,,,https://api.mwater.co/v3/images/e40918dca6a14081a3554f9c0f3ac284
priti patel-DBD4RQ,03-07-2025 04:16,03-07-2025 04:27,03-07-2025 04:27,Priti-Bhandar Katch,Well Continuous Monitoring,talav-faliyu-2,03-07-2025 04:16,20.3413217,73.121415,4.300000191,107.3,1.95,< 1 day,Yes ,Pumping going on,,https://api.mwater.co/v3/images/220cf911d952444a9b0f16d267b6d25a
priti patel-DBUZ4H,09-07-2025 04:52,09-07-2025 05:04,09-07-2025 05:04,Priti-Bhandar Katch,Well Continuous Monitoring,talav-faliyu-2,09-07-2025 04:52,,,,,2.5,< 1 day,Don't Know,,,https://api.mwater.co/v3/images/39b65dcaa8b64246814969e54810dbd1
priti patel-DCG3B2,16-07-2025 10:26,16-07-2025 10:35,16-07-2025 10:35,Priti-Bhandar Katch,Well Continuous Monitoring,talav-faliyu-2,16-07-2025 10:26,20.3413819,73.1213922,4.699999809,110.5,2.15,< 1 day,Yes ,Pumping going on,,https://api.mwater.co/v3/images/647d38a69fb2425f97ae8fe7996f4b65
jinalpatel-DDNZJ9,31-07-2025 04:55,31-07-2025 04:57,31-07-2025 04:57,Priti-Bhandar Katch,Well Continuous Monitoring,talav-faliyu-2,31-07-2025 04:55,20.3413924,73.1214584,4.960000038,63.4,2,< 1 day,Yes ,Don't Know,મોટર નાંખેલી છે કુવા માં કૂવાનું પાણી માટી વાળું છે ,https://api.mwater.co/v3/images/5c1878d3f29c4e5293c4ddb3f5a02164
jinalpatel-DECPS2,08-08-2025 10:23,08-08-2025 10:24,08-08-2025 10:24,Priti-Bhandar Katch,Well Continuous Monitoring,talav-faliyu-2,08-08-2025 10:24,20.3412846,73.1214971,4.699999809,56.20000076,2.6,< 1 day,Yes ,Don't Know,,https://api.mwater.co/v3/images/8ea8e8082dc0403da42486658d20c923
jinalpatel-DEUHKC,14-08-2025 10:16,14-08-2025 10:17,14-08-2025 10:17,Priti-Bhandar Katch,Well Continuous Monitoring,talav-faliyu-2,14-08-2025 10:16,20.34122,73.1214593,4.579999924,125.1999969,2.37,< 1 day,Yes ,Don't Know,No,https://api.mwater.co/v3/images/d90a21e4162c45a09bf420063897c7f6
jinalpatel-DFEDZ8,21-08-2025 05:05,21-08-2025 05:06,21-08-2025 05:06,Priti-Bhandar Katch,Well Continuous Monitoring,talav-faliyu-2,21-08-2025 05:05,20.3413304,73.1214728,5,40.59999847,1.84,< 1 day,No,,No,https://api.mwater.co/v3/images/da8ce56822264f7885d7ce31b263bb09
jinalpatel-DG3EFC,29-08-2025 04:21,29-08-2025 04:22,29-08-2025 04:30,Priti-Bhandar Katch,Well Continuous Monitoring,talav-faliyu-2,29-08-2025 04:21,20.3549093,73.1211883,1899.999023,40.59999847,2.2,< 1 day,No,,No ,https://api.mwater.co/v3/images/11db6b303fe34848a57f5f3c7dae1d72
priti patel-D9HANV,10-06-2025 11:49,10-06-2025 11:50,10-06-2025 11:50,Priti-Bhandar Katch,Well Continuous Monitoring,talav-faliyu-3,10-06-2025 11:49,20.3405845,73.1176812,4.960000038,83,8,Unknown,Don't Know,,,https://api.mwater.co/v3/images/3b18180d15644397862c3e5764a35cc7
priti patel-DA3PRP,17-06-2025 11:23,17-06-2025 11:25,18-06-2025 06:31,Priti-Bhandar Katch,Well Continuous Monitoring,talav-faliyu-3,17-06-2025 11:23,20.3405761,73.1176955,5.050000191,92.8,6.7,< 1 day,Don't Know,,,https://api.mwater.co/v3/images/5cad2fbdbff545d29f4bb321e373e6e9
priti patel-DAQ692,25-06-2025 05:32,25-06-2025 06:30,03-07-2025 04:00,Priti-Bhandar Katch,Well Continuous Monitoring,talav-faliyu-3,25-06-2025 05:33,20.3405646,73.1177063,2.200000048,99.3,1,< 1 day,Don't Know,,,https://api.mwater.co/v3/images/e0340c8a29f544de8dffc0173aeabd02
priti patel-DBD3VQ,03-07-2025 04:01,03-07-2025 04:27,03-07-2025 09:40,Priti-Bhandar Katch,Well Continuous Monitoring,talav-faliyu-3,03-07-2025 04:02,20.3405974,73.1176304,4.179999828,89.2,1,< 1 day,Don't Know,,,https://api.mwater.co/v3/images/e74ce4f2c8fc4002aa2af7876ee9ef42
priti patel-DBUXD7,09-07-2025 04:22,09-07-2025 05:04,09-07-2025 05:04,Priti-Bhandar Katch,Well Continuous Monitoring,talav-faliyu-3,09-07-2025 04:22,20.3406094,73.1177442,2.859999895,95.9,1,< 1 day,Don't Know,,,https://api.mwater.co/v3/images/68f596785960449d873386929ed53b55
priti patel-DCG3S7,16-07-2025 10:34,16-07-2025 10:35,16-07-2025 10:35,Priti-Bhandar Katch,Well Continuous Monitoring,talav-faliyu-3,16-07-2025 10:34,20.3405767,73.117735,2.200000048,98.5,1,< 1 day,Yes ,Pumping going on,,https://api.mwater.co/v3/images/a25e5b224ee348a6b04c4bb152a7a92f
jinalpatel-DDNX9Y,31-07-2025 04:16,31-07-2025 04:38,31-07-2025 04:38,Priti-Bhandar Katch,Well Continuous Monitoring,talav-faliyu-3,31-07-2025 04:35,20.3406141,73.1177051,4.665999889,41.5,0.9,< 1 day,No,,કૂવાની દિવાલ પર ઘાસ ઊગી નીકળેલું છે ,https://api.mwater.co/v3/images/3f1d966b9fb04b8cb3de8ff68d8d2e41
jinalpatel-DECQ4T,08-08-2025 10:29,08-08-2025 10:30,08-08-2025 10:30,Priti-Bhandar Katch,Well Continuous Monitoring,talav-faliyu-3,08-08-2025 10:29,20.3407291,73.1178345,6.050000191,56.20000076,3,< 1 day,Don't Know,,No,https://api.mwater.co/v3/images/50c80427cccd4c4d9dd4805ba523e5aa
jinalpatel-DEUJ7B,14-08-2025 10:26,14-08-2025 10:28,14-08-2025 10:28,Priti-Bhandar Katch,Well Continuous Monitoring,talav-faliyu-3,14-08-2025 10:26,20.3405739,73.1177207,4.961999893,40.5,1.27,< 1 day,No,,No,https://api.mwater.co/v3/images/95ebdb57cfc94a279639ba5785b0d2c6
jinalpatel-DF6D3Y,18-08-2025 04:00,21-08-2025 05:13,21-08-2025 05:13,Priti-Bhandar Katch,Well Continuous Monitoring,talav-faliyu-3,21-08-2025 04:59,20.3406373,73.1177223,4.5,40.59999847,1.26,< 1 day,No,,No,https://api.mwater.co/v3/images/acecfa8e55f94a319ae32fff529a00dd
jinalpatel-DG3DSY,29-08-2025 04:10,29-08-2025 04:11,29-08-2025 04:11,Priti-Bhandar Katch,Well Continuous Monitoring,talav-faliyu-3,29-08-2025 04:10,20.3712484,73.1288752,2200,40.59999847,0.6,< 1 day,No,,No,https://api.mwater.co/v3/images/ab96d2bd4d484ccf91b37789359023ba
jinalpatel-D9GSAR,10-06-2025 07:09,10-06-2025 07:11,10-06-2025 07:11,Jinal-Varna,Well Continuous Monitoring,varna-well-v1,10-06-2025 07:10,20.3298505,73.1133879,4.800000191,29.7,4.2,3-7 days,No,,પાણી બોજ ગંદુ થઈ ગયું છે,https://api.mwater.co/v3/images/c1689351fe74495d9b4f0cfee7ae275f
jinalpatel-DA5PV5,18-06-2025 05:37,18-06-2025 05:39,18-06-2025 05:39,Jinal-Varna,Well Continuous Monitoring,varna-well-v1,18-06-2025 05:37,20.3297592,73.1133938,4.650000095,37.5,4.1,1-3 days,No,,No,https://api.mwater.co/v3/images/7c2054be61fd4977a4490f20c9414a78
jinalpatel-DAT43M,26-06-2025 08:14,26-06-2025 08:15,26-06-2025 08:15,Jinal-Varna,Well Continuous Monitoring,varna-well-v1,26-06-2025 08:14,20.3298084,73.1134637,4.887000084,33.9,4,< 1 day,No,,કૂવાની દિવાલ પર ઘાસ ઉગેલું દેખાઈ છે ,https://api.mwater.co/v3/images/bac5e6e651b348a6bb794157c1cdcb30
jinalpatel-DBD998,03-07-2025 05:33,03-07-2025 05:35,03-07-2025 05:35,Jinal-Varna,Well Continuous Monitoring,varna-well-v1,03-07-2025 05:33,20.3298057,73.1133448,4.900000095,29.2,3,< 1 day,No,,"પાણી માં માછલી છે , કૂવાની દિવાલ પર ઘણું ઘાસ ઊગેલું નજરે પડે છે ",https://api.mwater.co/v3/images/3918f19e60ee4ab687b7355fef9905af
jinalpatel-DBUZSC,09-07-2025 05:03,09-07-2025 05:06,09-07-2025 05:06,Jinal-Varna,Well Continuous Monitoring,varna-well-v1,09-07-2025 05:04,20.3295883,73.1132083,4.699999809,21,6,< 1 day,No,,No,https://api.mwater.co/v3/images/c6e2f9fa4d014fb89a671bd7ee3832de
jinalpatel-DCKTM8,18-07-2025 05:45,18-07-2025 05:46,18-07-2025 05:46,Jinal-Varna,Well Continuous Monitoring,varna-well-v1,18-07-2025 05:46,20.3297807,73.1135138,5.866000175,29.4,2.6,< 1 day,No,,No,https://api.mwater.co/v3/images/24de34da978341b69bb8fef0935667ac
jinalpatel-DD4SNH,24-07-2025 07:07,24-07-2025 07:08,24-07-2025 07:08,Jinal-Varna,Well Continuous Monitoring,varna-well-v1,24-07-2025 07:07,20.3297269,73.1134411,5.228000164,79.3,6.67,< 1 day,No,,Well ની દીવાલ પર ઉપરથી ઘાસ ઊગેલું છે ,https://api.mwater.co/v3/images/c4bd24058b4047eaa9d29885eef19372
jinalpatel-DDPLYF,31-07-2025 10:09,31-07-2025 10:10,31-07-2025 10:10,Jinal-Varna,Well Continuous Monitoring,varna-well-v1,31-07-2025 10:10,20.3297442,73.113421,4.21600008,43.7,2.5,< 1 day,No,,પાણી ઘણું ઓછું થઈ રહ્યું છે ,https://api.mwater.co/v3/images/8182a58948694f8893ef388426bd4316
jinalpatel-DEC82S,08-08-2025 05:55,08-08-2025 05:56,08-08-2025 05:56,Jinal-Varna,Well Continuous Monitoring,varna-well-v1,08-08-2025 05:55,20.3297294,73.1134034,5.28000021,40.59999847,3,< 1 day,No,,,https://api.mwater.co/v3/images/841e1ddc4d004a09a5a59aae636d5c93
jinalpatel-DETX6M,14-08-2025 05:01,14-08-2025 05:03,14-08-2025 05:03,Jinal-Varna,Well Continuous Monitoring,varna-well-v1,14-08-2025 05:02,20.3296689,73.1133465,4.840000153,40.8,3,< 1 day,No,,Perapith ના આજુબાજુ ઘાસ ઊગેલું જણાય છે ,https://api.mwater.co/v3/images/be64e20564ff4e12a14e09d988e19a97
jinalpatel-DFEXZD,21-08-2025 10:12,21-08-2025 10:13,21-08-2025 10:13,Jinal-Varna,Well Continuous Monitoring,varna-well-v1,21-08-2025 10:12,20.3298319,73.1133461,8.532999992,60.9,1.45,< 1 day,No,,No,https://api.mwater.co/v3/images/fb23e7d5a1224ebba1f02d9d67b5e2b8
jinalpatel-DG3W4R,29-08-2025 08:49,29-08-2025 08:50,29-08-2025 08:50,Jinal-Varna,Well Continuous Monitoring,varna-well-v1,29-08-2025 08:49,20.3317518,73.112278,300,42.89999771,2.44,< 1 day,No,,પાણી નો ઉપયોગ થતો નથી એટલે ગંદુ છે પાણી ,https://api.mwater.co/v3/images/bee790981f6341c0ab79b218cabc8e6b
jinalpatel-D9GMQL,10-06-2025 05:51,10-06-2025 05:53,10-06-2025 05:53,Jinal-Varna,Well Continuous Monitoring,varna-well-v2,10-06-2025 05:52,20.3219736,73.1184777,4.159999847,44,5.9,3-7 days,Yes ,Don't Know,કૂવાની અંદર પાણી માં અને ખાડામાં લીલી પાંદડા ની વનસ્પતિ દેખાઈ છે.,https://api.mwater.co/v3/images/dec323e808104bbe93faf51953959780
jinalpatel-DA5QY3,18-06-2025 05:55,18-06-2025 05:57,18-06-2025 05:57,Jinal-Varna,Well Continuous Monitoring,varna-well-v2,18-06-2025 05:56,20.3219948,73.1186094,4.599999905,52.8,5.1,1-3 days,No,,જ્યાંથી પત્થર લાગેલો છે ત્યાં ઘાંસ ઊગેલું છે.,https://api.mwater.co/v3/images/38a60f0397f24e6ca8437c122ad42906
jinalpatel-DASTCY,26-06-2025 05:45,26-06-2025 05:47,26-06-2025 05:47,Jinal-Varna,Well Continuous Monitoring,varna-well-v2,26-06-2025 05:45,20.3219646,73.1186951,8.432999611,-2.2,1,< 1 day,No,,કૂવાની દિવાલ પર ઘાસ ઊગી નીકળ્યું છે ,https://api.mwater.co/v3/images/238029c7be644ab5b3e920ca4b78f1e6
jinalpatel-DBDDXJ,03-07-2025 06:53,03-07-2025 06:54,09-07-2025 05:03,Jinal-Varna,Well Continuous Monitoring,varna-well-v2,03-07-2025 06:53,20.3219805,73.1187523,4.46600008,47.5,1,< 1 day,No,,કૂવાની દિવાલ par ઘાસ ઊગેલું છે અને વારના ખોરી ફળિયાનું પાણી દૂષિત હોય એવું જણાય છે ,https://api.mwater.co/v3/images/20a68902c1884ca88ae19978607b105a
jinalpatel-DBV6CY,09-07-2025 06:21,09-07-2025 06:22,09-07-2025 06:22,Jinal-Varna,Well Continuous Monitoring,varna-well-v2,09-07-2025 06:22,20.3220518,73.1185588,5.116000175,20.6,1,< 1 day,No,,No,https://api.mwater.co/v3/images/d979a856a40f4433a4b4d5c4dbc3231a
jinalpatel-DCKYWW,18-07-2025 07:16,18-07-2025 07:17,18-07-2025 07:17,Jinal-Varna,Well Continuous Monitoring,varna-well-v2,18-07-2025 07:16,20.321984,73.118539,5,21.80000114,1.7,< 1 day,No,,No,https://api.mwater.co/v3/images/cd7e304e4885434a90f32687f4e32ac9
jinalpatel-DD4NHN,24-07-2025 05:56,24-07-2025 05:57,24-07-2025 05:58,Jinal-Varna,Well Continuous Monitoring,varna-well-v2,24-07-2025 05:56,20.3220005,73.1186105,4.914000034,21.80000114,1.1,< 1 day,No,,Well ના પેરાપીઠ પર ઘાસ ઊગેલું દેખાઈ છે,https://api.mwater.co/v3/images/c2f692d47d574f40ba64edc2a7af4dd0
jinalpatel-DDPHVF,31-07-2025 09:34,31-07-2025 09:35,31-07-2025 09:35,Jinal-Varna,Well Continuous Monitoring,varna-well-v2,31-07-2025 09:34,20.3219351,73.1185029,6.885000229,22.3,0.9,< 1 day,No,,No,https://api.mwater.co/v3/images/c779ca05313748d685de3f548c5fb429
jinalpatel-DECA7R,08-08-2025 06:31,08-08-2025 06:32,08-08-2025 06:33,Jinal-Varna,Well Continuous Monitoring,varna-well-v2,08-08-2025 06:32,20.3222027,73.1187867,6.642000198,95.7,1,< 1 day,Yes ,Don't Know,No,https://api.mwater.co/v3/images/056913af0b8d4fd7b41302ebd5f28a92
jinalpatel-DETZK7,14-08-2025 05:43,14-08-2025 05:45,14-08-2025 05:45,Jinal-Varna,Well Continuous Monitoring,varna-well-v2,14-08-2025 05:43,20.3219508,73.1186066,4.5,17.9,1.4,< 1 day,Yes ,Don't Know,કૂવામાં પાણીમાં લીલા પાંદડાની ઘાસ જોવા મળે છે ,https://api.mwater.co/v3/images/46676a8f6e1c43bdaefaf306c07e6871
jinalpatel-DFEW8J,21-08-2025 09:42,21-08-2025 09:42,21-08-2025 09:42,Jinal-Varna,Well Continuous Monitoring,varna-well-v2,21-08-2025 09:42,20.3221403,73.1185325,4.842000008,42.9,0.22,< 1 day,No,,No,https://api.mwater.co/v3/images/04949c940bb44df0b0990c6a8624d348
jinalpatel-DG3U7B,29-08-2025 08:16,29-08-2025 08:17,29-08-2025 08:29,Jinal-Varna,Well Continuous Monitoring,varna-well-v2,29-08-2025 08:16,20.3114508,73.1074831,699.9990234,,0.37,< 1 day,No,,No,https://api.mwater.co/v3/images/06e7dedf92ee4398ac5bc58e2b9d773c
jinalpatel-D9GLHG,10-06-2025 05:13,10-06-2025 05:17,10-06-2025 05:50,Jinal-Varna,Well Continuous Monitoring,varna-well-v3,10-06-2025 05:14,20.321695,73.12519,9.199999809,76.5,6,3-7 days,Yes ,Don't Know,કૂવાની અંદર ઉપર 1 ફૂટ ના અંતર પર વનસ્પતિ નો ઉગાવો થયેલ જણાય છે ,https://api.mwater.co/v3/images/02682be93f3349b8b72a9bb3a35651a3
jinalpatel-DA5SF6,18-06-2025 06:21,18-06-2025 06:21,19-06-2025 03:56,Jinal-Varna,Well Continuous Monitoring,varna-well-v3,18-06-2025 06:21,20.3215993,73.1252374,4.960000038,46.4,4.7,1-3 days,No,,No,https://api.mwater.co/v3/images/e235efcd8b544f30bbdefaebd028d752
jinalpatel-DASRY8,26-06-2025 05:21,26-06-2025 05:23,26-06-2025 05:45,Jinal-Varna,Well Continuous Monitoring,varna-well-v3,26-06-2025 05:22,20.3214878,73.1250903,5.699999809,71.8,1,< 1 day,No,,પાણી નું સ્તર ઘણું ઉપર આવી ગયું છે ,https://api.mwater.co/v3/images/831da9c7445c4e208c59ef075e6661c4
jinalpatel-DBDGE2,03-07-2025 07:35,03-07-2025 07:36,09-07-2025 05:03,Jinal-Varna,Well Continuous Monitoring,varna-well-v3,03-07-2025 07:35,20.3214508,73.1250607,5.224999905,97.6,1,< 1 day,No,,કૂવામાં માછલી છે ,https://api.mwater.co/v3/images/c43e2bd7b3a34dc0b1f447afd8d8ebb3
jinalpatel-DBV7NT,09-07-2025 06:44,09-07-2025 06:44,18-07-2025 03:37,Jinal-Varna,Well Continuous Monitoring,varna-well-v3,09-07-2025 06:44,20.3216979,73.1252421,4.541999817,34.2,1,< 1 day,No,,No,https://api.mwater.co/v3/images/96d5e8600eef4330b5a968868788bbc4
jinalpatel-DCKXN3,18-07-2025 06:54,18-07-2025 06:55,18-07-2025 07:16,Jinal-Varna,Well Continuous Monitoring,varna-well-v3,18-07-2025 06:54,20.3214664,73.1252739,5.171000004,68.7,1.1,< 1 day,No,,No,https://api.mwater.co/v3/images/bc946e1e0e7247f8a891a07c84887a7c
jinalpatel-DD4M3M,24-07-2025 05:32,24-07-2025 05:33,24-07-2025 05:33,Jinal-Varna,Well Continuous Monitoring,varna-well-v3,24-07-2025 05:32,20.3214835,73.1251111,3.140000105,21.80000114,2.2,< 1 day,No,,આજુબાજુના ખેતરો માં ડાંગર ની ખેતી કરવામાં આવી છે ,https://api.mwater.co/v3/images/fbbf51c0a7a64c2894b7ed5ddbd88734
jinalpatel-DDPH5Y,31-07-2025 09:21,31-07-2025 09:22,31-07-2025 09:22,Jinal-Varna,Well Continuous Monitoring,varna-well-v3,31-07-2025 09:21,20.3214965,73.1251461,3.779999971,18.6,0.88,< 1 day,No,,No,https://api.mwater.co/v3/images/af7a1b9a3a2542838723cdc00e764323
jinalpatel-DECDAN,08-08-2025 07:24,08-08-2025 07:25,08-08-2025 08:19,Jinal-Varna,Well Continuous Monitoring,varna-well-v3,08-08-2025 07:24,20.3214822,73.1252451,5.265999794,91.6,3,< 1 day,No,,No,https://api.mwater.co/v3/images/369988415f43447b86b19d6034fb8ec1
jinalpatel-DEU2MN,14-08-2025 06:01,14-08-2025 06:02,14-08-2025 06:02,Jinal-Varna,Well Continuous Monitoring,varna-well-v3,14-08-2025 06:01,20.3211576,73.1252495,7.086999893,-46.9,4.22,< 1 day,Yes ,Don't Know,પાણી નું સ્તર ઘણું નીચે જતું રહ્યું છે ,https://api.mwater.co/v3/images/c9a69b22a93a497e89ba6f77bc410e0b
jinalpatel-DFEUQJ,21-08-2025 09:16,21-08-2025 09:17,21-08-2025 09:17,Jinal-Varna,Well Continuous Monitoring,varna-well-v3,21-08-2025 09:16,20.321569,73.1251009,3.571000099,108.5999985,0.88,< 1 day,No,,,https://api.mwater.co/v3/images/789acd525e1a4681ac94d9029f4e7136
jinalpatel-DG3T8M,29-08-2025 07:59,29-08-2025 08:01,29-08-2025 08:16,Jinal-Varna,Well Continuous Monitoring,varna-well-v3,29-08-2025 08:00,20.2972777,73.098996,500,,0.34,< 1 day,Yes ,Don't Know,Water use for agriculture Crop - peddy ,https://api.mwater.co/v3/images/28ceaf44fc244483a890a9f6dab4216b
